text,sentiment
RT We need to make agriculture attractive to young farmers to reduce distress migration in Africa,positive
Bc they were farmers in a fertile area they had food amp they were very hardworking,positive
RT Next Gujarat govt for farmers traders says RahulGandhi 10 highlights,neutral
On this day Mesut zil killed a bunch of farmers,negative
RT White South African farmers are being genocided in their own country I stand with them RETWEET if you do too,positive
RT meelah But you gave those farmers blocking national roads today hella breathing room hey,neutral
Here s the latest story about Trump,positive
Share contributions by BLACK FARMERS in area farmed and planted in South Africa between 1918 and 2002 Adapted from,negative
RT gets back from the Farmers Market eats cheese and relish for 16 hours,neutral
AgricultureNews Expands Decision Agriculture Platform into Thirteen Key US States Advancing the Next Frontier,neutral
RT Everyone is getting killed we have a general issue we need to address Why are farmers lives more important https,positive
Chicken dumpling soup Chicken Salad Samosas Decatur Farmers Market today via,negative
We stat padded against farmers lmao,positive
RT HimachalElections 2017 Congress manifesto focuses on farmers students,neutral
Parliament news Brexit Trade in food examined Environment Food and Rural Affairs Committee questions farmers,neutral
RT Alpesh Thakor in Valia says My conscience is clear so am standing here Congress govt will be for farmers poor and youth,negative
RT angadi12 Basavaraj Lawyer from Tumkur handling cases of farmers for free from past 25 Years Cleared 200 cases till date with,positive
RT RahulGandhi,neutral
We brought together a group of 2 500 Kenyan farmers Pamoja Twaweza Join us too,neutral
RT shaila Farmers are crying for waiver and PM Modi gave Rs 33 000 crore to TATA Nano Rahul Gandhi,negative
Commons Brexit Trade in food examined Environment Food and Rural Affairs Committee questions farmers and prod,neutral
RT Outright Act of Terror South Africa s mainly white farmers protest wave of murders 2017 death toll hits 74 https,neutral
RT QUESTION So is Tesco racist or openly hostile to Scottish farmers,neutral
Central Government promised two time wage increase to the farmers but all were able for see increase in Farmer suicide UDFPadayorukkam,positive
RT White farmers in South Africa are being wiped out Methodically Comprehensively Completely,positive
Yes its true Government regulations make low fat cheese taste like rubber onpoli These cheese making,positive
Panic at the French grocery store butter shortage via butter food agriculture farmers cows,neutral
RT It s amazing that those calling for the killing of farmers on BlackMonday didn t get the PennySparrow treatment,positive
Cotton Farming Farmers Seek Clarity In Rewrite Of WOTUS Rule,neutral
The farmers are opting suicide as the way to get rid of their problem UDFPadayorukkam,neutral
RT TescoDevalueSuperiorScottishProduce Tesco appeasing racists or not supporting Scottish farmers which is it,negative
UDFPadayorukkam 42 percent increase in farmer suicide as Modi government failed their promise to farmers,negative
This farm has no farmers,neutral
RT 2 white South African farmers who stuffed a black man inside a coffin are sentenced to more than 10 years in prison,positive
Can you tweet again without the Breitbart news article and the racist bias I stand with South Africa,neutral
RT He is in my city right now Giving speech in Hindi to farmers who hardly understand hindi PIDI must be sorry fr,negative
Increasing numbers of birds on the farms I work on Constantly,neutral
Newsletter Frightened Farmers,neutral
Buyinging fruit and veggies locally helps our neighborhood farmers and ensures you re receiving the best of quality GoingGreenHelp,positive
Monsanto BASF weed killers strain U S states with damage complaints CHICAGO Reuters U S farmers have,neutral
RT This School Dropout Mechanics Low Cost Farm Equipment Is a Boon to Farmers,neutral
RT Congress will always stand for the rights of farmers dalits n the poor RahulGandhi ji is there to listen to the woes,negative
RT ICT Enabling University Engagement with Smallholder Farmers Visioning203,neutral
Committee news Brexit Trade in food examined Environment Food and Rural Affairs Committee questions farmers a,neutral
CMV Farmers should earn as much as other professions,negative
RT hooks like half the union army was liberal arts majors amp leek farmers amp music composers and they absolutely ruined all these ex wes,positive
RT Congress VP RahulGandhi will be meeting with Farmers Affected by Land Acquisition issue at Dayadra Bharuch district toda,neutral
The farmers are opting suicide as this way to get rid of their problem UDFPadayorukkam,neutral
RT Farmers should know this gt Algae based organic fertiliser doubles crop and livestock,neutral
RT Check out our mobile farmers markets today,neutral
Ask the Farmers in Zimbabwe The ones left alive that is,positive
I respect them now Hard for me to when I m a Hawkeye fan but I have respect for Campbell unt,negative
RT Mugabe s family is ILLEGALLY evicting BLACK resettled farmers to build a PRIVATE game reserve And you think he s a PanAfr,negative
Govt promised 2 time wage increase to farmers but forced 42 percent increase in farmer suicide UDFPadayorukkam,negative
RT Well you cant help stupidity attaching a countries flag to a party Supporting yo,negative
RT This is the face of Jacob Zuma sings kill the farmers This is the face of Julius Malema we will not slaughter whites,neutral
RT RG says Modi gave land amp water of Gujarat s farmers to manufacture Nano but today that car has vanished from India This is,neutral
please help in spreading the word for all South Africans and the farmers that are being murdered and t,neutral
RT Taber Anti coal seam gas pro renewables farmers stands for second time against Barnaby Joyce,neutral
RT Soil Health Card Agriculture Farmers SoilHealthCard,neutral
RT Easy US Farmers supporting SA Farmers,positive
Really farmers suicide increasing day by day because of Modi Govt UDFPadayorukkam,positive
rebecca says that the EU has driven farmers to engage in certain environmentally destructive practices esp for soil quality GCC17,negative
RT It s WellyWeek2017 R A B I is a great charity helping farmers in need Donate here,positive
Such a cap would serve lots of South West farmers well I think delivering lots of those services amp plenty more,positive
Curious about the types of bankruptcy Chapter 12 is specifically for family farmers and fishermen bankruptcy,negative
South African farmers block highways in Black Monday protest against farm murders falcemartello,negative
Farmers Edge Expands Decision Agriculture Platform into Thirteen Key US States Advancing the Next Frontier of,neutral
How Climate Change Is Playing Havoc With Olive Oil and Farmers,neutral
Do you know farmers suicide expanding nd the explanation for them is Modi UDFPadayorukkam,neutral
RT The penny is beginning to drop So far pork amp dairy farmers are realising they will be better off post Brexit Soon the r,positive
And as with Brexit not for farmers it isn t,neutral
Maharashtra government has exempted interest fine on outstanding electricity bills of farmers,positive
RT Could this be the reason for farm killings and not genocide as they Claim This is not acceptable just as killing farmers is a,neutral
RT Farmers completely ignored by BJP Government says Congress Vice President RahulVsIndiaRising,positive
RT This Man Quit His 10 Year Banking Career to Create a Broker Free Market for Farmers,positive
Farmers are crying for waiver and PM Modi gave Rs 33 000 crore to TATA Nano Rahul Gandhi,negative
RT zeba Rahul Gandhi to cover South Gujarat amp address issues relating to farmers youth tribals traders women fishermen etc IAmGu,neutral
RT Any views on this These white farmers are being systematically killed and what s being d,negative
RT Fantastic new initiative to give nature friendly farmers a network and a voice Check it out and sign up https,positive
Farmers Seek Clarity In Rewrite Of WOTUS Rule,neutral
RT jp 9kg BACCA GRILL amp FARMERS,neutral
